corp_code,year,quarter_code,revenue,operating_income,net_income,profitability_symbol,growth_symbol
126380,2020,11013,55325178000000.0,6447345000000.0,4884926000000.0,Profitable,Unknown
126380,2020,11012,52966142000000.0,8146292000000.0,5555083000000.0,Profitable,Unknown
126380,2020,11014,66964160000000.0,12353238000000.0,9360693000000.0,Profitable,Unknown
126380,2020,11011,236806988000000.0,35993876000000.0,26407832000000.0,Profitable,Unknown
126380,2021,11013,65388503000000.0,9382868000000.0,7141685000000.0,Profitable,Unknown
126380,2021,11012,63671585000000.0,12566745000000.0,9634486000000.0,Profitable,Unknown
126380,2021,11014,73979187000000.0,15817531000000.0,12293331000000.0,Profitable,Unknown
126380,2021,11011,279604799000000.0,51633856000000.0,39907450000000.0,Profitable,Unknown
126380,2022,11013,77781498000000.0,14121409000000.0,11324628000000.0,Profitable,Unknown
126380,2022,11012,77203607000000.0,14097045000000.0,11098805000000.0,Profitable,Unknown
126380,2022,11014,76781680000000.0,10852045000000.0,9389198000000.0,Profitable,Unknown
126380,2022,11011,302231360000000.0,43376630000000.0,55654077000000.0,Profitable,Unknown
126380,2023,11013,63745371000000.0,640178000000.0,1574600000000.0,Profitable,Unknown
126380,2023,11012,60005533000000.0,668547000000.0,1723571000000.0,Profitable,Unknown
126380,2023,11014,67404652000000.0,2433534000000.0,5844171000000.0,Profitable,Unknown
126380,2023,11011,258935494000000.0,6566976000000.0,15487100000000.0,Profitable,Unknown
126380,2024,11013,71915601000000.0,6606009000000.0,6754708000000.0,Profitable,Unknown
126380,2024,11012,74068302000000.0,10443878000000.0,9841345000000.0,Profitable,Unknown
126380,2024,11014,79098731000000.0,9183371000000.0,10100904000000.0,Profitable,Unknown
126380,2024,11011,300870903000000.0,32725961000000.0,34451351000000.0,Profitable,Unknown
126380,2025,11013,79140503000000.0,6685272000000.0,8222878000000.0,Profitable,Unknown
126380,2025,11012,74566317000000.0,4676057000000.0,5116435000000.0,Profitable,Unknown
126380,2025,11014,86061747000000.0,12166062000000.0,12225747000000.0,Profitable,Unknown
164779,2020,11013,7198892000000.0,800301000000.0,649050000000.0,Profitable,Unknown
164779,2020,11012,8606534000000.0,1946715000000.0,1264260000000.0,Profitable,Unknown
164779,2020,11014,8128767000000.0,1299696000000.0,1077862000000.0,Profitable,Unknown
164779,2020,11011,31900418000000.0,5012624000000.0,4758914000000.0,Profitable,Unknown
164779,2021,11013,8494188000000.0,1324421000000.0,992640000000.0,Profitable,Unknown
164779,2021,11012,10321671000000.0,2694574000000.0,1988424000000.0,Profitable,Unknown
164779,2021,11014,11805324000000.0,4171821000000.0,3315252000000.0,Profitable,Unknown
164779,2021,11011,42997792000000.0,12410340000000.0,9616188000000.0,Profitable,Unknown
164779,2022,11013,12155653000000.0,2859615000000.0,1982928000000.0,Profitable,Unknown
164779,2022,11012,13811001000000.0,4192617000000.0,2876821000000.0,Profitable,Unknown
164779,2022,11014,10982883000000.0,1655560000000.0,1102653000000.0,Profitable,Unknown
164779,2022,11011,44621568000000.0,6809417000000.0,2241669000000.0,Profitable,Unknown
164779,2023,11013,5088111000000.0,-3402302000000.0,-2585491000000.0,Loss,Unknown
164779,2023,11012,7305933000000.0,-2882084000000.0,-2987907000000.0,Loss,Unknown
164779,2023,11014,9066171000000.0,-1791961000000.0,-2184699000000.0,Loss,Unknown
164779,2023,11011,32765719000000.0,-7730313000000.0,-9137547000000.0,Loss,Unknown
164779,2024,11013,12429598000000.0,2886029000000.0,1917039000000.0,Profitable,Unknown
164779,2024,11012,16423258000000.0,5468536000000.0,4120003000000.0,Profitable,Unknown
164779,2024,11014,17573069000000.0,7029958000000.0,5753373000000.0,Profitable,Unknown
164779,2024,11011,66192960000000.0,23467319000000.0,19796902000000.0,Profitable,Unknown
164779,2025,11013,17639141000000.0,7440504000000.0,8108195000000.0,Profitable,Unknown
164779,2025,11012,22231952000000.0,9212851000000.0,6996216000000.0,Profitable,Unknown
164779,2025,11014,24448929000000.0,11383390000000.0,12597538000000.0,Profitable,Unknown
161383,2020,11013,39615649818.0,7441126973.0,7609590787.0,Profitable,Unknown
161383,2020,11012,61911007850.0,20060470712.0,14267993380.0,Profitable,Unknown
161383,2020,11014,77902632497.0,24868396559.0,18260492217.0,Profitable,Unknown
161383,2020,11011,257385897660.0,66649466315.0,50131485364.0,Profitable,Unknown
161383,2021,11013,70919007455.0,19335218848.0,20363486958.0,Profitable,Unknown
161383,2021,11012,108908070858.0,36431335523.0,27671930880.0,Profitable,Unknown
161383,2021,11014,91698275697.0,30929900640.0,26678299789.0,Profitable,Unknown
161383,2021,11011,373169401913.0,122419465500.0,104438304265.0,Profitable,Unknown
161383,2022,11013,63191838145.0,21258352012.0,19620043837.0,Profitable,Unknown
161383,2022,11012,123179513881.0,43888676639.0,36841911406.0,Profitable,Unknown
161383,2022,11014,80313448954.0,32195531281.0,38698903648.0,Profitable,Unknown
161383,2022,11011,327592058714.0,111859422080.0,92259257411.0,Profitable,Unknown
161383,2023,11013,26524032132.0,2074898916.0,133155922030.0,Profitable,Unknown
161383,2023,11012,49070266014.0,11176246626.0,33982989536.0,Profitable,Unknown
161383,2023,11014,31199154510.0,2902894216.0,14668122061.0,Profitable,Unknown
161383,2023,11011,159008528366.0,34571410992.0,267167515858.0,Profitable,Unknown
161383,2024,11013,77317697365.0,28705687176.0,69601286807.0,Profitable,Unknown
161383,2024,11012,123477831465.0,55438446471.0,-11811401699.0,Profitable,Unknown
161383,2024,11014,208525481067.0,99304856058.0,38390586877.0,Profitable,Unknown
161383,2024,11011,558917191547.0,255391604854.0,152614498001.0,Profitable,Unknown
161383,2025,11013,147391786483.0,69632218786.0,54748867394.0,Profitable,Unknown
161383,2025,11012,180047311088.0,86308097687.0,64687278708.0,Profitable,Unknown
161383,2025,11014,166231357101.0,67822011689.0,65713248282.0,Profitable,Unknown
160843,2020,11013,225803046210.0,64743306581.0,55064822116.0,Profitable,Unknown
160843,2020,11012,241651066681.0,77062361400.0,50352601463.0,Profitable,Unknown
160843,2020,11014,240646806647.0,67126286680.0,47042231413.0,Profitable,Unknown
160843,2020,11011,935919766484.0,239335181312.0,166025591077.0,Profitable,Unknown
160843,2021,11013,243736208590.0,60590744587.0,47810548964.0,Profitable,Unknown
160843,2021,11012,274650520717.0,81389693573.0,59042973323.0,Profitable,Unknown
160843,2021,11014,328439857760.0,118979516396.0,92666034218.0,Profitable,Unknown
160843,2021,11011,1214682040178.0,399106778303.0,316891852008.0,Profitable,Unknown
160843,2022,11013,395024842725.0,181544900393.0,158684674713.0,Profitable,Unknown
160843,2022,11012,435741782862.0,213196901576.0,160944371349.0,Profitable,Unknown
160843,2022,11014,447380224871.0,220356744364.0,170827730654.0,Profitable,Unknown
160843,2022,11011,1675287533666.0,768746685740.0,558836662217.0,Profitable,Unknown
160843,2023,11013,298167417121.0,82980879329.0,76358431703.0,Profitable,Unknown
160843,2023,11012,308817373901.0,89928381512.0,80270928182.0,Profitable,Unknown
160843,2023,11014,267801570379.0,50292603714.0,52501851578.0,Profitable,Unknown
160843,2023,11011,1154223638940.0,265437456373.0,264149250979.0,Profitable,Unknown
160843,2024,11013,261498168765.0,41041920896.0,43912898744.0,Profitable,Unknown
160843,2024,11012,298387736089.0,67451961546.0,64099392514.0,Profitable,Unknown
160843,2024,11014,287793117958.0,47051581514.0,70985731258.0,Profitable,Unknown
160843,2024,11011,1131167709804.0,190838683363.0,229385888355.0,Profitable,Unknown
160843,2025,11013,297380601926.0,52501423092.0,45900203431.0,Profitable,Unknown
160843,2025,11012,337406491433.0,73842437551.0,59996804136.0,Profitable,Unknown
160843,2025,11014,374649575924.0,80579586407.0,90736911177.0,Profitable,Unknown
